<ImportExportXml xmlns:xsi="http://www.w3.org/2001/XMLSchema-instance">
  <Entities></Entities>
  <Roles></Roles>
  <Workflows></Workflows>
  <FieldSecurityProfiles></FieldSecurityProfiles>
  <Templates />
  <EntityMaps />
  <EntityRelationships />
  <OrganizationSettings />
  <optionsets />
  <WebResources>
    <WebResource>
      <WebResourceId>{6d5e4c72-c6f1-e511-80d3-0050568230af}</WebResourceId>
      <Name>ab_qunit/QUnitTestRunner.js</Name>
      <DisplayName>QUnitTestRunner.js</DisplayName>
      <WebResourceType>3</WebResourceType>
      <IntroducedVersion>1.0</IntroducedVersion>
      <IsCustomizable>1</IsCustomizable>
      <CanBeDeleted>1</CanBeDeleted>
      <IsHidden>0</IsHidden>
      <FileName>/WebResources/ab_qunitQUnitTestRunnerjs6D5E4C72-C6F1-E511-80D3-0050568230AF</FileName>
    </WebResource>
    <WebResource>
      <WebResourceId>{0b08ab8b-c6f1-e511-80d3-0050568230af}</WebResourceId>
      <Name>ab_qunit/qunit_1.22.0.css</Name>
      <DisplayName>qunit_1.22.0.css</DisplayName>
      <WebResourceType>2</WebResourceType>
      <IntroducedVersion>1.0</IntroducedVersion>
      <IsCustomizable>1</IsCustomizable>
      <CanBeDeleted>1</CanBeDeleted>
      <IsHidden>0</IsHidden>
      <FileName>/WebResources/ab_qunitqunit_1220css0B08AB8B-C6F1-E511-80D3-0050568230AF</FileName>
    </WebResource>
    <WebResource>
      <WebResourceId>{aaa45ea6-c6f1-e511-80d3-0050568230af}</WebResourceId>
      <Name>ab_qunit/qunit_1.22.0.js</Name>
      <DisplayName>qunit/qunit_1.22.0.js</DisplayName>
      <WebResourceType>3</WebResourceType>
      <IntroducedVersion>1.0</IntroducedVersion>
      <IsCustomizable>1</IsCustomizable>
      <CanBeDeleted>1</CanBeDeleted>
      <IsHidden>0</IsHidden>
      <FileName>/WebResources/ab_qunitqunit_1220jsAAA45EA6-C6F1-E511-80D3-0050568230AF</FileName>
    </WebResource>
  </WebResources>
  <Languages>
    <Language>1033</Language>
  </Languages>
</ImportExportXml>