<ImportExportXml xmlns:xsi="http://www.w3.org/2001/XMLSchema-instance">
  <Entities></Entities>
  <Roles></Roles>
  <Workflows></Workflows>
  <FieldSecurityProfiles></FieldSecurityProfiles>
  <Templates />
  <EntityMaps />
  <EntityRelationships />
  <OrganizationSettings />
  <optionsets />
  <WebResources>
    <WebResource>
      <WebResourceId>{108de988-47f8-e511-80d7-0050568230af}</WebResourceId>
      <Name>ab_qunit/QUnitTestRunner.js</Name>
      <DisplayName>QUnitTestRunner.js</DisplayName>
      <Description>QUnitTestRunner.js is a small library for running QUnit tests on Microsoft Dynamics CRM forms</Description>
      <WebResourceType>3</WebResourceType>
      <IntroducedVersion>1.1.0.0</IntroducedVersion>
      <IsCustomizable>1</IsCustomizable>
      <CanBeDeleted>1</CanBeDeleted>
      <IsHidden>0</IsHidden>
      <FileName>/WebResources/ab_qunitQUnitTestRunnerjs108DE988-47F8-E511-80D7-0050568230AF</FileName>
    </WebResource>
    <WebResource>
      <WebResourceId>{c42db1aa-47f8-e511-80d7-0050568230af}</WebResourceId>
      <Name>ab_qunit/qunit_1.22.0.js</Name>
      <DisplayName>qunit/qunit_1.22.0.js</DisplayName>
      <Description>QUnit library
https://qunitjs.com/</Description>
      <WebResourceType>3</WebResourceType>
      <IntroducedVersion>1.1.0.0</IntroducedVersion>
      <IsCustomizable>1</IsCustomizable>
      <CanBeDeleted>1</CanBeDeleted>
      <IsHidden>0</IsHidden>
      <FileName>/WebResources/ab_qunitqunit_1220jsC42DB1AA-47F8-E511-80D7-0050568230AF</FileName>
    </WebResource>
    <WebResource>
      <WebResourceId>{f68cdcbf-47f8-e511-80d7-0050568230af}</WebResourceId>
      <Name>ab_qunit/qunit_1.22.0.css</Name>
      <DisplayName>qunit/qunit_1.22.0.css</DisplayName>
      <Description>QUnit stylesheet
https://qunitjs.com/</Description>
      <WebResourceType>2</WebResourceType>
      <IntroducedVersion>1.1.0.0</IntroducedVersion>
      <IsCustomizable>1</IsCustomizable>
      <CanBeDeleted>1</CanBeDeleted>
      <IsHidden>0</IsHidden>
      <FileName>/WebResources/ab_qunitqunit_1220cssF68CDCBF-47F8-E511-80D7-0050568230AF</FileName>
    </WebResource>
  </WebResources>
  <Languages>
    <Language>1049</Language>
    <Language>1033</Language>
    <Language>1055</Language>
  </Languages>
</ImportExportXml>